jahr;eunr;anl_reisenr;fng_reisenr;fangnr;landnr;landdat;landort;fao_gebiet;zone;rechteck;fischart;fangkg;landkg;aufmachung;zustand;fsc;erloes;groesse_id;verwendung;verwendung_ble
2020;DEU1800918;20001069;20001069;1920183;1554458;2020-01-13;DEWAR;27.3.c.22;DEU;37G1;TUR;12;12;WHL;FRE;LSC;0;;UKN;20
2020;DEU59203018;20010087;;;1561769;2020-03-31;DEKU3;27.3.c.22;DEU;37G1;TRS;8.5;8.5;WHL;FRE;LSC;51;;UKN;20
2020;DEU59203018;20030813;;;1578444;2020-09-30;DEKU3;27.3.c.22;DEU;37G1;FLE;12;12;WHL;FRE;LSC;36;1;UKN;20
2020;DEU59203018;20030813;;;1578444;2020-09-30;DEKU3;27.3.c.22;DEU;37G1;PLE;26;26;WHL;FRE;LSC;78;1;UKN;20
2020;DEU59203018;20026398;;;1574476;2020-08-31;DEKU3;27.3.c.22;DEU;37G1;FLE;18.5;18.5;WHL;FRE;LSC;45.5;1;UKN;20
2020;DEU59203018;20010087;;;1561769;2020-03-31;DEKU3;27.3.c.22;DEU;37G1;COD;16.15;9.5;GUH;FRE;LSC;47.5;5;UKN;20
2020;DEU70883615;20000060;20000060;1916412;1553030;2020-01-03;DEMAO;27.3.c.22;DEU;38G0;DAB;200;200;WHL;FRE;LSC;166;1;HCN;1
2020;DEU70883615;20009793;20009793;1938068;1562593;2020-04-26;DEMAO;27.3.c.22;DEU;38G1;FLE;450;450;WHL;FRE;LSC;112.5;1;HCN;1
2020;DEU70883615;20032175;20032175;1980605;1579881;2020-10-31;DEMAO;27.3.c.22;DEU;38G0;DAB;1850;1850;WHL;FRE;LSC;1369;1;HCN;1
2020;DEU70883615;20039867;20039867;1995464;1586352;2020-12-29;DEMAO;27.3.c.22;DEU;38G0;SOL;5.2;5;GUT;FRE;LSC;39.3;1;HCN;1
2020;DEU70883615;20000206;20000127;1916739;1553419;2020-01-07;DEMAO;27.3.c.22;DEU;37G1;COD;734.18;627.5;GUT;FRE;LSC;2729.65;4;HCN;1
2020;DEU70883615;20000602;20000602;1918728;1554276;2020-01-16;DEMAO;27.3.c.22;DEU;38G0;TUR;3.27;3;GUT;FRE;LSC;19.44;2;HCN;1
2020;DEU70883615;20001002;20001002;1920202;1554890;2020-01-26;DEMAO;27.3.c.22;DEU;37G1;FLE;100;100;WHL;FRE;LSC;69;1;HCN;1
2020;DEU70883615;20013377;20013377;1945186;1565011;2020-05-29;DEMAO;27.3.c.22;DEU;37G1;SOL;19.76;19;GUT;FRE;LSC;161.5;1;HCN;1
2020;DEU70883615;20037360;20037360;1991526;1584808;2020-12-08;DEHHF;27.3.c.22;DEU;37G0;COD;98.09;83.83;GUT;FRE;LSC;253.18;4;HCN;1
2020;DEU70883615;20014504;20014504;1947122;1565892;2020-06-08;DEMAO;27.3.c.22;DEU;38G0;COD;4212;3600;GUT;FRE;LSC;14688;3;HCN;1
2020;DEU70883615;20001002;20001002;1920202;1554890;2020-01-26;DEMAO;27.3.c.22;DEU;37G1;COD;257.99;220.51;GUT;FRE;LSC;584.34;4;HCN;1
2020;DEU70883615;20000206;20000206;1917007;1553419;2020-01-07;DEMAO;27.3.c.22;DEU;38G0;COD;223.99;191.45;GUT;FRE;LSC;1112.3;3;HCN;1
2020;DEU70883615;20039202;20039202;1994809;1585825;2020-12-20;DEHHF;27.3.c.22;DEU;37G0;COD;241.56;206.46;GUT;FRE;LSC;324.14;5;HCN;1
2020;DEU70883615;20032604;20032604;1981172;1580807;2020-11-03;DEMAO;27.3.c.22;DEU;38G0;PLE;625;625;WHL;FRE;LSC;1300;1;HCN;1
2020;DEU70883615;20035278;20035278;1987528;1583190;2020-11-28;DEMAO;27.3.c.22;DEU;37G1;PLE;175;175;WHL;FRE;LSC;311.5;1;HCN;1
2020;DEU70883615;20001002;20001002;1920202;1554890;2020-01-26;DEMAO;27.3.c.22;DEU;37G1;COD;72.06;61.59;GUT;FRE;LSC;156.44;3;HCN;1
2020;DEU70883615;20033050;20033050;1982385;1580805;2020-11-08;DEMAO;27.3.c.22;DEU;38G0;COD;1141.15;975.34;GUT;FRE;LSC;2760.2;5;HCN;1
2020;DEU70883615;20035926;20035926;1988508;1583632;2020-12-01;DEMAO;27.3.c.22;DEU;38G1;FLE;25;25;WHL;FRE;LSC;5.25;1;HCN;1
2020;DEU70883615;20013377;20013377;1945186;1565011;2020-05-29;DEMAO;27.3.c.22;DEU;37G1;PLE;25;25;WHL;FRE;LSC;39.5;1;HCN;1
2020;DEU70883615;20000206;20000206;1917007;1553419;2020-01-07;DEMAO;27.3.c.22;DEU;38G0;PLE;1150;1150;WHL;FRE;LSC;2576;1;HCN;1
2020;DEU70883615;20001002;20001002;1920237;1554890;2020-01-26;DEMAO;27.3.c.22;DEU;37G1;COD;641.56;548.34;GUT;FRE;LSC;1156.99;5;HCN;1
2020;DEU70883615;20035278;20035278;1986762;1583190;2020-11-28;DEMAO;27.3.c.22;DEU;37G1;FLE;150;150;WHL;FRE;LSC;45;1;HCN;1
2020;DEU70883615;20013377;20013377;1944942;1565011;2020-05-29;DEMAO;27.3.c.22;DEU;37G1;PLE;50;50;WHL;FRE;LSC;79;1;HCN;1
2020;DEU70883615;20034348;20034348;1984940;1581706;2020-11-14;DEMAO;27.3.c.22;DEU;38G0;DAB;175;175;WHL;FRE;LSC;89.25;1;HCN;1
2020;DEU70883615;20035278;20035278;1987528;1583190;2020-11-28;DEMAO;27.3.c.22;DEU;37G1;TUR;10.9;10;GUT;FRE;LSC;32.3;2;HCN;1
2020;DEU70883615;20001002;20001002;1920202;1554890;2020-01-26;DEMAO;27.3.c.22;DEU;37G1;DAB;200;200;WHL;FRE;LSC;240;1;HCN;1
2020;DEU70883615;20000206;20000127;1916734;1553419;2020-01-07;DEMAO;27.3.c.22;DEU;37G1;COD;854.63;730.45;GUT;FRE;LSC;2797.63;5;HCN;1
2020;DEU70883615;20035278;20035278;1987233;1583190;2020-11-28;DEMAO;27.3.c.22;DEU;37G1;DAB;150;150;WHL;FRE;LSC;85.5;1;HCN;1
2020;DEU70883615;20035926;20035926;1989031;1583632;2020-12-01;DEMAO;27.3.c.22;DEU;38G1;DAB;175;175;WHL;FRE;LSC;112;1;HCN;1
2020;DEU70883615;20001002;20001002;1920582;1554890;2020-01-26;DEMAO;27.3.c.22;DEU;37G1;COD;786.32;672.07;GUT;FRE;LSC;1418.06;5;HCN;1
2020;DEU70883615;20001002;20001002;1920237;1554890;2020-01-26;DEMAO;27.3.c.22;DEU;37G1;FLE;50;50;WHL;FRE;LSC;34.5;1;HCN;1
2020;DEU70883615;20039867;20039867;1995464;1586352;2020-12-29;DEMAO;27.3.c.22;DEU;38G0;WIT;8.48;8;GUT;FRE;LSC;18.56;1;HCN;1
2020;DEU70883615;20001002;20001002;1920237;1554890;2020-01-26;DEMAO;27.3.c.22;DEU;37G1;DAB;250;250;WHL;FRE;LSC;300;1;HCN;1
2020;DEU70883615;20037857;20037857;1991799;1584807;2020-12-09;DEMAO;27.3.c.22;DEU;37G0;COD;234;200;GUT;FRE;LSC;648;3;HCN;1
2020;DEU70883615;20039202;20039202;1994744;1585825;2020-12-20;DEHHF;27.3.c.22;DEU;37G1;COD;292.91;250.35;GUT;FRE;LSC;685.96;3;HCN;1
2020;DEU70883615;20000060;20000060;1916412;1553030;2020-01-03;DEMAO;27.3.c.22;DEU;38G0;PLE;475;475;WHL;FRE;LSC;1049.75;1;HCN;1
2020;DEU70883615;20000432;20000432;1918384;1554011;2020-01-13;DEMAO;27.3.c.22;DEU;38G0;COD;218.79;187;GUT;FRE;LSC;671.33;3;HCN;1
2020;DEU70883615;20035278;20035278;1986762;1583190;2020-11-28;DEMAO;27.3.c.22;DEU;37G1;COD;41.59;35.55;GUT;FRE;LSC;82.83;5;HCN;1
2020;DEU70883615;20039202;20039202;1994747;1585825;2020-12-20;DEHHF;27.3.c.22;DEU;37G0;COD;264.27;225.87;GUT;FRE;LSC;411.09;4;HCN;1
2020;DEU70883615;20039202;20039202;1994809;1585825;2020-12-20;DEHHF;27.3.c.22;DEU;37G0;PLE;193.18;193.18;WHL;FRE;LSC;227.95;1;HCN;1
2020;DEU70883615;20009793;20009793;1938068;1562593;2020-04-26;DEMAO;27.3.c.22;DEU;38G1;TUR;190.75;175;GUT;FRE;LSC;479.5;2;HCN;1
2020;DEU70883615;20039924;20039924;1995609;1586353;2020-12-30;DEMAO;27.3.c.22;DEU;38G0;PLE;850;850;WHL;FRE;LSC;1292;1;HCN;1
2020;DEU70883615;20039924;20039924;1995609;1586353;2020-12-30;DEMAO;27.3.c.22;DEU;38G0;DAB;62;62;WHL;FRE;LSC;70.68;1;HCN;1
2020;DEU70883615;20039359;20039359;1994931;1586045;2020-12-22;DEMAO;27.3.c.22;DEU;37G0;DAB;125;125;WHL;FRE;LSC;85;1;HCN;1
2020;DEU70883615;20013377;20013152;1944642;1565011;2020-05-29;DEMAO;27.3.c.22;DEU;37G1;DAB;700;700;WHL;FRE;LSC;406;1;HCN;1
2020;DEU70883615;20039202;20039202;1994744;1585825;2020-12-20;DEHHF;27.3.c.22;DEU;37G1;COD;588.69;503.15;GUT;FRE;LSC;915.74;4;HCN;1
2020;DEU70883615;20000520;20000520;1918380;1554172;2020-01-14;DEMAO;27.3.c.22;DEU;38G0;FLE;150;150;WHL;FRE;LSC;156;1;HCN;1
2020;DEU70883615;20009793;20009793;1938068;1562593;2020-04-26;DEMAO;27.3.c.22;DEU;38G1;COD;146.25;125;GUT;FRE;LSC;207.5;3;HCN;1
2020;DEU70883615;20000869;20000869;1919645;1554512;2020-01-21;DEMAO;27.3.c.22;DEU;38G0;PLE;425;425;WHL;FRE;LSC;773.5;1;HCN;1
2020;DEU70883615;20000869;20000869;1919645;1554512;2020-01-21;DEMAO;27.3.c.22;DEU;38G0;FLE;75;75;WHL;FRE;LSC;36;1;HCN;1
2020;DEU70883615;20034348;20034348;1984940;1581706;2020-11-14;DEMAO;27.3.c.22;DEU;38G0;COD;29.25;25;GUT;FRE;LSC;106.5;3;HCN;1
2020;DEU70883615;20000520;20000520;1918380;1554172;2020-01-14;DEMAO;27.3.c.22;DEU;38G0;DAB;100;100;WHL;FRE;LSC;220;1;HCN;1
2020;DEU70883615;20039202;20039202;1994809;1585825;2020-12-20;DEHHF;27.3.c.22;DEU;37G0;DAB;53;53;WHL;FRE;LSC;36.04;1;HCN;1
2020;DEU70883615;20034314;20034314;1984630;1581707;2020-11-13;DEMAO;27.3.c.22;DEU;38G0;PLE;800;800;WHL;FRE;LSC;1352;1;HCN;1
2020;DEU70883615;20034560;20034560;1985412;1581931;2020-11-17;DEMAO;27.3.c.22;DEU;38G0;PLE;600;600;WHL;FRE;LSC;1020;1;HCN;1
2020;DEU70883615;20035926;20035926;1989031;1583632;2020-12-01;DEMAO;27.3.c.22;DEU;38G1;TUR;67.04;61.51;GUT;FRE;LSC;170.99;2;HCN;1
2020;DEU70883615;20034560;20034560;1985412;1581931;2020-11-17;DEMAO;27.3.c.22;DEU;38G0;SOL;1.04;1;GUT;FRE;LSC;8.66;1;HCN;1
2020;DEU70883615;20039730;20039730;1995322;1586100;2020-12-26;DEMAO;27.3.c.22;DEU;37G1;COD;59.67;51;GUT;FRE;LSC;147.9;4;HCN;1
2020;DEU70883615;20013377;20013152;1944673;1565011;2020-05-29;DEMAO;27.3.c.22;DEU;37G1;PLE;75;75;WHL;FRE;LSC;118.5;1;HCN;1
2020;DEU70883615;20000520;20000520;1918380;1554172;2020-01-14;DEMAO;27.3.c.22;DEU;38G0;LEM;10;10;WHL;FRE;LSC;43.8;1;HCN;1
2020;DEU70883615;20034854;20034854;1985857;1582136;2020-11-20;DEMAO;27.3.c.22;DEU;38G0;PLE;500;500;WHL;FRE;LSC;870;1;HCN;1
2020;DEU70883615;20000335;20000335;1917846;1553774;2020-01-10;DEMAO;27.3.c.22;DEU;38G0;PLE;975;975;WHL;FRE;LSC;1521;1;HCN;1
2020;DEU70883615;20034266;20034266;1984366;1581705;2020-11-12;DEMAO;27.3.c.22;DEU;38G0;TUR;6.54;6;GUT;FRE;LSC;20.34;2;HCN;1
2020;DEU70883615;20036496;20036496;1990031;1584809;2020-12-05;DEMAO;27.3.c.22;DEU;37G1;PLE;50;50;WHL;FRE;LSC;60.5;1;HCN;1
2020;DEU70883615;20034854;20034854;1985857;1582136;2020-11-20;DEMAO;27.3.c.22;DEU;38G0;BLL;2.18;2;GUT;FRE;LSC;5.2;1;HCN;1
2020;DEU70883615;20039202;20039202;1994744;1585825;2020-12-20;DEHHF;27.3.c.22;DEU;37G1;COD;410.65;350.98;GUT;FRE;LSC;551.04;5;HCN;1
2020;DEU70883615;20034266;20034266;1984366;1581705;2020-11-12;DEMAO;27.3.c.22;DEU;38G0;COD;58.5;50;GUT;FRE;LSC;213;3;HCN;1
2020;DEU70883615;20037857;20037857;1991799;1584807;2020-12-09;DEMAO;27.3.c.22;DEU;37G0;PLE;500;500;WHL;FRE;LSC;670;1;HCN;1
2020;DEU70883615;20038212;20038212;1992765;1585140;2020-12-12;DEMAO;27.3.c.22;DEU;37G0;COD;145.08;124;GUT;FRE;LSC;285.2;4;HCN;1
2020;DEU70883615;20033050;20033050;1982385;1580805;2020-11-08;DEMAO;27.3.c.22;DEU;38G0;SOL;1.04;1;GUT;FRE;LSC;5.12;1;HCN;1
2020;DEU70883615;20032791;20032791;1981345;1580806;2020-11-04;DEMAO;27.3.c.22;DEU;38G0;COD;128.7;110;GUT;FRE;LSC;507.1;3;HCN;1
2020;DEU70883615;20000335;20000335;1917846;1553774;2020-01-10;DEMAO;27.3.c.22;DEU;38G0;LEM;10.5;10;GUT;FRE;LSC;29.4;1;HCN;1
2020;DEU70883615;20034854;20034854;1985857;1582136;2020-11-20;DEMAO;27.3.c.22;DEU;38G0;SOL;2.08;2;GUT;FRE;LSC;22.64;1;HCN;1
2020;DEU70883615;20034560;20034560;1985412;1581931;2020-11-17;DEMAO;27.3.c.22;DEU;38G0;DAB;250;250;WHL;FRE;LSC;95;1;HCN;1
2020;DEU70883615;20039730;20039730;1995322;1586100;2020-12-26;DEMAO;27.3.c.22;DEU;37G1;DAB;30;30;WHL;FRE;LSC;47.1;1;HCN;1
2020;DEU70883615;20039924;20039924;1995609;1586353;2020-12-30;DEMAO;27.3.c.22;DEU;38G0;TUR;8.72;8;GUT;FRE;LSC;40.4;2;HCN;1
2020;DEU70883615;20035278;20035278;1987233;1583190;2020-11-28;DEMAO;27.3.c.22;DEU;37G1;COD;158.56;135.52;GUT;FRE;LSC;413.33;4;HCN;1
2020;DEU70883615;20013377;20013152;1944673;1565011;2020-05-29;DEMAO;27.3.c.22;DEU;37G1;TUR;27.06;24.83;GUT;FRE;LSC;72.5;2;HCN;1
2020;DEU70883615;20035278;20035278;1986762;1583190;2020-11-28;DEMAO;27.3.c.22;DEU;37G1;TUR;21.8;20;GUT;FRE;LSC;64.6;2;HCN;1
2020;DEU70883615;20035278;20035278;1987528;1583190;2020-11-28;DEMAO;27.3.c.22;DEU;37G1;COD;19.3;16.49;GUT;FRE;LSC;57.07;3;HCN;1
2020;DEU70883615;20000602;20000602;1918728;1554276;2020-01-16;DEMAO;27.3.c.22;DEU;38G0;FLE;187;187;WHL;FRE;LSC;127.16;1;HCN;1
2020;DEU70883615;20037857;20037857;1991799;1584807;2020-12-09;DEMAO;27.3.c.22;DEU;37G0;DAB;125;125;WHL;FRE;LSC;70;1;HCN;1
2020;DEU70883615;20013377;20013377;1944942;1565011;2020-05-29;DEMAO;27.3.c.22;DEU;37G1;DAB;700;700;WHL;FRE;LSC;406;1;HCN;1
2020;DEU70883615;20000432;20000432;1918384;1554011;2020-01-13;DEMAO;27.3.c.22;DEU;38G0;LEM;10;10;WHL;FRE;LSC;18.4;1;HCN;1
2020;DEU70883615;20035278;20035278;1987528;1583190;2020-11-28;DEMAO;27.3.c.22;DEU;37G1;DAB;25;25;WHL;FRE;LSC;14.25;1;HCN;1
2020;DEU70883615;20000206;20000127;1916739;1553419;2020-01-07;DEMAO;27.3.c.22;DEU;37G1;COD;854.63;730.45;GUT;FRE;LSC;2797.63;5;HCN;1
2020;DEU70883615;20001002;20001002;1920237;1554890;2020-01-26;DEMAO;27.3.c.22;DEU;37G1;COD;412.93;352.93;GUT;FRE;LSC;935.26;4;HCN;1
2020;DEU70883615;20037857;20037857;1991799;1584807;2020-12-09;DEMAO;27.3.c.22;DEU;37G0;TUR;5.45;5;GUT;FRE;LSC;23.85;2;HCN;1
2020;DEU70883615;20013377;20013377;1945165;1565011;2020-05-29;DEMAO;27.3.c.22;DEU;37G1;TUR;26.06;23.91;GUT;FRE;LSC;69.81;2;HCN;1
2020;DEU70883615;20034854;20034854;1985857;1582136;2020-11-20;DEMAO;27.3.c.22;DEU;38G0;COD;29.25;25;GUT;FRE;LSC;111.25;3;HCN;1
2020;DEU70883615;20013377;20013377;1945165;1565011;2020-05-29;DEMAO;27.3.c.22;DEU;37G1;DAB;1200;1200;WHL;FRE;LSC;696;1;HCN;1
2020;DEU70883615;20013377;20013152;1944673;1565011;2020-05-29;DEMAO;27.3.c.22;DEU;37G1;FLE;250;250;WHL;FRE;LSC;72.5;1;HCN;1
2020;DEU70883615;20013377;20013152;1944642;1565011;2020-05-29;DEMAO;27.3.c.22;DEU;37G1;PLE;50;50;WHL;FRE;LSC;79;1;HCN;1
2020;DEU70883615;20000206;20000206;1917007;1553419;2020-01-07;DEMAO;27.3.c.22;DEU;38G0;DAB;125;125;WHL;FRE;LSC;160;1;HCN;1
2019;DEU1800918;19013517;19013517;1861110;1526641;2019-04-28;DEWAR;27.3.c.22;DEU;37G1;COD;18.72;16;GUT;FRE;LSC;0;;UKN;20
2019;DEU1800918;19013509;19013509;1861105;1526772;2019-04-17;DEWAR;27.3.c.22;DEU;37G1;PLE;80;80;WHL;FRE;LSC;0;;UKN;20
2019;DEU1800918;19013345;19013345;1860853;1526514;2019-04-11;DEWAR;27.3.c.22;DEU;37G1;COD;64.35;55;GUT;FRE;LSC;0;;UKN;20
2019;DEU1800918;19013345;19013345;1860853;1526514;2019-04-11;DEWAR;27.3.c.22;DEU;37G1;PLE;50;50;WHL;FRE;LSC;0;;UKN;20
2019;DEU1800918;19013513;19013513;1861108;1526639;2019-04-25;DEWAR;27.3.c.22;DEU;37G1;PLE;25;25;WHL;FRE;LSC;0;;UKN;20
2019;DEU1800918;19031196;19031196;1892260;1540555;2019-09-19;DEWAR;27.3.c.22;DEU;37G1;FLE;120;120;WHL;FRE;LSC;0;;UKN;20
2019;DEU1800918;19013342;19013342;1860851;1526513;2019-04-10;DEWAR;27.3.c.22;DEU;37G1;PLE;80;80;WHL;FRE;LSC;0;;UKN;20
2019;DEU1800918;19013340;19013340;1860850;1526512;2019-04-05;DEWAR;27.3.c.22;DEU;37G1;DAB;55;55;WHL;FRE;LSC;0;;UKN;20
2019;DEU1800918;19008446;19008446;1851172;1521988;2019-03-19;DEWAR;27.3.c.22;DEU;37G1;DAB;20;20;WHL;FRE;LSC;0;;UKN;20
2019;DEU1800918;19001451;19001451;1836434;1514446;2019-01-31;DEWAR;27.3.c.22;DEU;37G1;COD;189.54;162;GUT;FRE;LSC;0;;UKN;20
2019;DEU1800918;19013509;19013509;1861105;1526772;2019-04-17;DEWAR;27.3.c.22;DEU;37G1;COD;44.46;38;GUT;FRE;LSC;0;;UKN;20
2019;DEU1800918;19003841;19003841;1841598;1517088;2019-02-26;DEWAR;27.3.c.22;DEU;37G1;COD;39.9;34.1;GUT;FRE;LSC;0;;UKN;20
2019;DEU1800918;19013511;19013511;1861107;1526638;2019-04-19;DEWAR;27.3.c.22;DEU;37G1;COD;64.35;55;GUT;FRE;LSC;0;;UKN;20
2019;DEU1800918;19008446;19008446;1851172;1521988;2019-03-19;DEWAR;27.3.c.22;DEU;37G1;COD;44.93;38.4;GUT;FRE;LSC;0;;UKN;20
2019;DEU1800918;19001449;19001449;1836433;1514445;2019-01-25;DEWAR;27.3.c.22;DEU;37G1;FLE;5;5;WHL;FRE;LSC;0;;UKN;20
2019;DEU1800918;19013345;19013345;1860853;1526514;2019-04-11;DEWAR;27.3.c.22;DEU;37G1;FLE;10;10;WHL;FRE;LSC;0;;UKN;20
2019;DEU1800918;19013340;19013340;1860850;1526512;2019-04-05;DEWAR;27.3.c.22;DEU;37G1;COD;84.24;72;GUT;FRE;LSC;0;;UKN;20
2019;DEU1800918;19013510;19013510;1861106;1526773;2019-04-18;DEWAR;27.3.c.22;DEU;37G1;FLE;120;120;WHL;FRE;LSC;0;;UKN;20
2019;DEU1800918;19006855;19006855;1848019;1520529;2019-03-06;DEWAR;27.3.c.22;DEU;37G1;COD;79.56;68;GUT;FRE;LSC;0;;UKN;20
2019;DEU1800918;19002104;19002104;1838171;1515179;2019-02-08;DEWAR;27.3.c.22;DEU;37G1;FLE;47;47;WHL;FRE;LSC;0;;UKN;20
2019;DEU1800918;19013513;19013513;1861108;1526639;2019-04-25;DEWAR;27.3.c.22;DEU;37G1;COD;24.57;21;GUT;FRE;LSC;0;;UKN;20
2019;DEU1800918;19013517;19013517;1861110;1526641;2019-04-28;DEWAR;27.3.c.22;DEU;37G1;PLE;30;30;WHL;FRE;LSC;0;;UKN;20
2019;DEU1800918;19002104;19002104;1838171;1515179;2019-02-08;DEWAR;27.3.c.22;DEU;37G1;COD;134.55;115;GUT;FRE;LSC;0;;UKN;20
2019;DEU1800918;19002091;19002091;1838169;1515171;2019-02-06;DEWAR;27.3.c.22;DEU;37G1;COD;209.43;179;GUT;FRE;LSC;0;;UKN;20
2019;DEU1800918;19013510;19013510;1861106;1526773;2019-04-18;DEWAR;27.3.c.22;DEU;37G1;COD;19.89;17;GUT;FRE;LSC;0;;UKN;20
2019;DEU1800918;19008446;19008446;1851172;1521988;2019-03-19;DEWAR;27.3.c.22;DEU;37G1;FLE;20;20;WHL;FRE;LSC;0;;UKN;20
2019;DEU1800918;19002091;19002091;1838169;1515171;2019-02-06;DEWAR;27.3.c.22;DEU;37G1;FLE;40;40;WHL;FRE;LSC;0;;UKN;20
2019;DEU1800918;19013509;19013509;1861105;1526772;2019-04-17;DEWAR;27.3.c.22;DEU;37G1;FLE;100;100;WHL;FRE;LSC;0;;UKN;20
2019;DEU59203018;19036264;;;1545503;2019-09-30;DEKU3;27.3.c.22;DEU;37G1;COD;40.8;24;GUH;FRE;LSC;96;2;UKN;20
2019;DEU59203018;19036264;;;1545503;2019-09-30;DEKU3;27.3.c.22;DEU;37G1;FLE;8;8;WHL;FRE;LSC;24;;UKN;20
2019;DEU59203018;19030049;;;1539623;2019-08-31;DEKU3;27.3.c.22;DEU;37G1;FLE;50.04;36;GUH;FRE;LSC;180;1;UKN;20
2019;DEU59203018;19025184;;;1535505;2019-07-31;DEKU3;27.3.c.22;DEU;37G1;FLE;11.12;8;GUH;FRE;LSC;48;1;UKN;20
2019;DEU59203018;19025184;;;1535505;2019-07-31;DEKU3;27.3.c.22;DEU;37G1;COD;20.4;12;GUH;FRE;LSC;60;2;UKN;20
2019;DEU59203018;19030049;;;1539623;2019-08-31;DEKU3;27.3.c.22;DEU;37G1;COD;14.04;12;GUT;FRE;LSC;36;3;UKN;20
2019;DEU70883615;19022556;19022556;1876521;1535157;2019-07-24;DEMAO;27.3.c.22;DNK;38G0;COD;391.62;334.72;GUT;FRE;LSC;984.06;3;HCN;1
2019;DEU70883615;19043457;19043457;1915789;1552527;2019-12-27;DEHHF;27.3.c.22;DEU;37G1;COD;880.32;752.41;GUT;FRE;LSC;2505.52;4;HCN;1
2019;DEU70883615;19042384;19042384;1914416;1551925;2019-12-17;DEHHF;27.3.c.22;DEU;37G1;BLL;2.18;2;GUT;FRE;LSC;22.88;1;HCN;1
2019;DEU70883615;19041736;19041736;1913194;1551705;2019-12-10;DEMAO;27.3.c.22;DEU;38G0;WIT;2.12;2;GUT;FRE;LSC;5.22;1;HCN;1
2019;DEU70883615;19041568;19041555;1913073;1550913;2019-12-09;DEMAO;27.3.c.22;DEU;38G0;PLE;500;500;WHL;FRE;LSC;1250;1;HCN;1
2019;DEU70883615;19001316;19001316;1835933;1515078;2019-01-30;DEKAP;27.3.c.22;DEU;38G0;SPR;18050;18050;WHL;FRE;LSC;3881.4;1;HCN;1
2019;DEU70883615;19000110;19000110;1831404;1512682;2019-01-05;DEMAO;27.3.c.22;DEU;38G0;COD;263.25;225;GUT;FRE;LSC;940.5;3;HCN;1
2019;DEU70883615;19000137;19000137;1831531;1512935;2019-01-06;DEMAO;27.3.c.22;DEU;38G0;WHG;4;4;WHL;FRE;LSC;1.36;1;HCN;1
2019;DEU70883615;19003512;19003512;1840951;1517016;2019-02-26;DEMAO;27.3.c.22;DEU;38G1;TUR;74.12;68;GUT;FRE;LSC;367.88;2;HCN;1
2019;DEU70883615;19042384;19042384;1914327;1551925;2019-12-17;DEHHF;27.3.c.22;DEU;37G1;COD;390.75;333.97;GUT;FRE;LSC;1235.7;3;HCN;1
2019;DEU70883615;19002607;19002607;1839016;1516118;2019-02-16;DEMAO;27.3.c.22;DEU;38G0;PLE;325;325;WHL;FRE;LSC;757.25;1;HCN;1
2019;DEU70883615;19004487;19004487;1842966;1518515;2019-03-12;DEMAO;27.3.c.22;DEU;38G0;PLE;300;300;WHL;FRE;LSC;747;1;HCN;1
2019;DEU70883615;19037709;19037709;1906607;1547783;2019-11-16;DEMAO;27.3.c.22;DEU;38G0;SOL;2.08;2;GUT;FRE;LSC;27.86;1;HCN;1
2019;DEU70883615;19037709;19037709;1906607;1547783;2019-11-16;DEMAO;27.3.c.22;DEU;38G0;FLE;25;25;WHL;FRE;LSC;14.25;1;HCN;1
2019;DEU70883615;19002740;19002740;1839355;1516119;2019-02-18;DEMAO;27.3.c.22;DEU;38G0;PLE;231;231;WHL;FRE;LSC;545.16;1;HCN;1
2019;DEU70883615;19004420;19004420;1842840;1518280;2019-03-11;DEMAO;27.3.c.22;DEU;38G0;DAB;125;125;WHL;FRE;LSC;200;1;HCN;1
2019;DEU70883615;19009747;19009747;1853824;1524111;2019-04-25;DEMAO;27.3.c.22;DEU;38G0;COD;87.75;75;GUT;FRE;LSC;162.75;3;HCN;1
2019;DEU70883615;19043521;19043521;1915925;1552526;2019-12-28;DEHHF;27.3.c.22;DEU;37G1;TUR;16.35;15;GUT;FRE;LSC;102;2;HCN;1
2019;DEU70883615;19042384;19042384;1914416;1551925;2019-12-17;DEHHF;27.3.c.22;DEU;37G1;COD;328.71;280.95;GUT;FRE;LSC;1039.52;3;HCN;1
2019;DEU70883615;19043160;19043093;1914818;1552196;2019-12-20;DEHHF;27.3.c.22;DEU;37G1;PLE;700;700;WHL;FRE;LSC;1127;1;HCN;1
2019;DEU70883615;19043521;19043521;1915947;1552526;2019-12-28;DEHHF;27.3.c.22;DEU;37G1;COD;319.27;272.88;GUT;FRE;LSC;908.69;4;HCN;1
2019;DEU70883615;19039304;19039304;1909528;1549497;2019-11-26;DEMAO;27.3.c.22;DEU;38G0;PLE;1750;1750;WHL;FRE;LSC;3430;1;HCN;1
2019;DEU70883615;19005822;19005822;1846468;1520647;2019-03-29;DEMAO;27.3.c.22;DEU;38G1;TUR;27.25;25;GUT;FRE;LSC;128.25;2;HCN;1
2019;DEU70883615;19005528;19005528;1845501;1520441;2019-03-26;DEMAO;27.3.c.22;DEU;38G0;FLE;200;200;WHL;FRE;LSC;190;1;HCN;1
2019;DEU70883615;19036609;19036609;1904892;1546841;2019-11-09;DEMAO;27.3.c.22;DEU;37G1;COD;145.09;124.01;GUT;FRE;LSC;328.62;3;HCN;1
2019;DEU70883615;19025580;19025580;1881579;1536612;2019-08-21;DEMAO;27.3.c.22;DEU;37G1;COD;265.98;227.33;GUT;FRE;LSC;842.17;3;HCN;1
2019;DEU70883615;19041568;19041555;1913073;1550913;2019-12-09;DEMAO;27.3.c.22;DEU;38G0;TUR;3.27;3;GUT;FRE;LSC;14.82;2;HCN;1
2019;DEU70883615;19041568;19041555;1913073;1550913;2019-12-09;DEMAO;27.3.c.22;DEU;38G0;COD;87.75;75;GUT;FRE;LSC;420.75;3;HCN;1
2019;DEU70883615;19043457;19043457;1915789;1552527;2019-12-27;DEHHF;27.3.c.22;DEU;37G1;COD;528.19;451.44;GUT;FRE;LSC;1218.9;5;HCN;1
2019;DEU70883615;19001031;19001031;1834958;1514329;2019-01-24;DEMAO;27.3.c.22;DEU;38G0;DAB;162;162;WHL;FRE;LSC;213.84;1;HCN;1
2019;DEU70883615;19001873;19001873;1837555;1515294;2019-02-06;DEMAO;27.3.c.22;DEU;38G0;PLE;550;550;WHL;FRE;LSC;1061.5;1;HCN;1
2019;DEU70883615;19000137;19000137;1831531;1512935;2019-01-06;DEMAO;27.3.c.22;DEU;38G0;COD;52.65;45;GUT;FRE;LSC;169.65;3;HCN;1
2019;DEU70883615;19000052;19000052;1831115;1512681;2019-01-03;DEMAO;27.3.c.22;DEU;38G0;PLE;1850;1850;WHL;FRE;LSC;4162.5;1;HCN;1
2019;DEU70883615;19025580;19025580;1882105;1536612;2019-08-21;DEMAO;27.3.c.22;DEU;37G1;COD;132.99;113.67;GUT;FRE;LSC;421.09;3;HCN;1
2019;DEU70883615;19040810;19040810;1911827;1550530;2019-12-04;DEMAO;27.3.c.22;DEU;38G0;DAB;100;100;WHL;FRE;LSC;52;1;HCN;1
2019;DEU70883615;19039060;19039060;1909072;1549496;2019-11-25;DEMAO;27.3.c.22;DEU;38G0;PLE;1100;1100;WHL;FRE;LSC;2156;1;HCN;1
2019;DEU70883615;19004299;19004299;1842473;1517969;2019-03-07;DEMAO;27.3.c.22;DEU;38G0;FLE;125;125;WHL;FRE;LSC;122.5;1;HCN;1
2019;DEU70883615;19001873;19001873;1837555;1515294;2019-02-06;DEMAO;27.3.c.22;DEU;38G0;DAB;75;75;WHL;FRE;LSC;63.75;1;HCN;1
2019;DEU70883615;19000052;19000052;1831115;1512681;2019-01-03;DEMAO;27.3.c.22;DEU;38G0;DAB;175;175;WHL;FRE;LSC;141.75;1;HCN;1
2019;DEU70883615;19000623;19000623;1833426;1513938;2019-01-18;DEMAO;27.3.c.22;DEU;38G0;FLE;225;225;WHL;FRE;LSC;207;1;HCN;1
2019;DEU70883615;19042384;19042384;1914416;1551925;2019-12-17;DEHHF;27.3.c.22;DEU;37G1;FLE;100;100;WHL;FRE;LSC;70;1;HCN;1
2019;DEU70883615;19043521;19043510;1915857;1552526;2019-12-28;DEHHF;27.3.c.22;DEU;37G1;PLE;150.1;150.1;WHL;FRE;LSC;273;1;HCN;1
2019;DEU70883615;19038257;19038257;1907440;1548419;2019-11-19;DEMAO;27.3.c.22;DEU;38G0;DAB;175;175;WHL;FRE;LSC;64.75;1;HCN;1
2019;DEU70883615;19039304;19039304;1909528;1549497;2019-11-26;DEMAO;27.3.c.22;DEU;38G0;WIT;5;5;WHL;FRE;LSC;7.65;1;HCN;1
2019;DEU70883615;19009747;19009747;1853824;1524111;2019-04-25;DEMAO;27.3.c.22;DEU;38G0;TUR;3.27;3;GUT;FRE;LSC;20.01;2;HCN;1
2019;DEU70883615;19039419;19039419;1909919;1549777;2019-11-27;DEMAO;27.3.c.22;DEU;38G0;FLE;87;87;WHL;FRE;LSC;54.81;1;HCN;1
2019;DEU70883615;19040810;19040231;1911446;1550530;2019-12-04;DEMAO;27.3.c.22;DEU;38G0;COD;174.79;149.39;GUT;FRE;LSC;400.37;4;HCN;1
2019;DEU70883615;19004420;19004420;1842840;1518280;2019-03-11;DEMAO;27.3.c.22;DEU;38G0;FLE;175;175;WHL;FRE;LSC;220.5;1;HCN;1
2019;DEU70883615;19004201;19004201;1842254;1517968;2019-03-06;DEMAO;27.3.c.22;DEU;38G0;COD;58.5;50;GUT;FRE;LSC;174;3;HCN;1
2019;DEU70883615;19003742;19003742;1841446;1517379;2019-02-28;DEMAO;27.3.c.22;DEU;38G0;COD;52.65;45;GUT;FRE;LSC;93.15;4;HCN;1
2019;DEU70883615;19004420;19004420;1842840;1518280;2019-03-11;DEMAO;27.3.c.22;DEU;38G0;PLE;775;775;WHL;FRE;LSC;1875.5;1;HCN;1
2019;DEU70883615;19001316;19001316;1835933;1515078;2019-01-30;DEKAP;27.3.c.22;DEU;38G0;WHG;11650;11650;WHL;FRE;LSC;2505.2;1;HCN;1
2019;DEU70883615;19002740;19002740;1839355;1516119;2019-02-18;DEMAO;27.3.c.22;DEU;38G0;DAB;200;200;WHL;FRE;LSC;162;1;HCN;1
2019;DEU70883615;19001873;19001873;1837555;1515294;2019-02-06;DEMAO;27.3.c.22;DEU;38G0;TUR;5.45;5;GUT;FRE;LSC;41.85;2;HCN;1
2019;DEU70883615;19000397;19000397;1832343;1513297;2019-01-11;DEMAO;27.3.c.22;DEU;38G0;COD;52.65;45;GUT;FRE;LSC;148.95;3;HCN;1
2019;DEU70883615;19024492;19024492;1880006;1535463;2019-08-10;DEMAO;27.3.c.22;DEU;38G0;COD;387.27;331;GUT;FRE;LSC;1237.94;3;HCN;1
2019;DEU70883615;19043457;19043457;1915777;1552527;2019-12-27;DEHHF;27.3.c.22;DEU;37G1;TUR;10.9;10;GUT;FRE;LSC;68;2;HCN;1
2019;DEU70883615;19039060;19039060;1909072;1549496;2019-11-25;DEMAO;27.3.c.22;DEU;38G0;BLL;3.27;3;GUT;FRE;LSC;4.59;1;HCN;1
2019;DEU70883615;19004365;19004365;1842732;1518279;2019-03-10;DEMAO;27.3.c.22;DEU;38G0;COD;29.25;25;GUT;FRE;LSC;51.25;3;HCN;1
2019;DEU70883615;19001647;19001647;1837224;1515082;2019-02-04;DEMAO;27.3.c.22;DEU;38G0;FLE;375;375;WHL;FRE;LSC;375;1;HCN;1
2019;DEU625318;19019648;19019648;1871660;1531239;2019-06-05;DEHDF;27.3.d.24;DEU;37G3;FLE;40;40;WHL;FRE;LSC;0;;UKN;20
2019;DEU625318;19036692;19036692;1903992;1545963;2019-10-01;DEHDF;27.3.d.24;DEU;37G3;TUR;4.36;4;GUT;FRE;LSC;0;;UKN;20
2019;DEU625318;19014808;19014808;1863043;1527630;2019-04-15;DEHDF;27.3.d.24;DEU;37G3;FPP;15;15;WHL;FRE;LSC;0;;UKN;20
2019;DEU625318;19010453;19010453;1855096;1523588;2019-03-30;DEHDF;27.3.d.24;DEU;37G3;FPE;3;3;WHL;FRE;LSC;0;;UKN;20
2019;DEU625318;19031016;19031016;1891873;1540449;2019-09-05;DEHDF;27.3.d.24;DEU;37G3;FLE;92;92;WHL;FRE;LSC;0;;UKN;20
2019;DEU625318;19037834;19037834;1906882;1547082;2019-10-11;DEHDF;27.3.d.24;DEU;37G3;PLN;4.68;4;GUT;FRE;LSC;0;;UKN;20
2019;DEU625318;19010460;19010460;1855101;1523591;2019-04-04;DEHDF;27.3.d.24;DEU;37G3;COD;29.25;25;GUT;FRE;LSC;0;;UKN;20
2019;DEU625318;19033951;19033951;1897482;1543088;2019-09-12;DEHDF;27.3.d.24;DEU;37G3;TUR;4.36;4;GUT;FRE;LSC;0;;UKN;20
2019;DEU625318;19010457;19010457;1855099;1523590;2019-04-01;DEHDF;27.3.d.24;DEU;37G3;COD;72.54;62;GUT;FRE;LSC;0;;UKN;20
2019;DEU625318;19016205;19016205;1865345;1526371;2019-05-20;DEHDF;27.3.d.24;DEU;37G3;FRO;60;60;WHL;FRE;LSC;24;1;HCN;1
2019;DEU625318;19024239;19024239;1879491;1534797;2019-07-22;DEHDF;27.3.d.24;DEU;37G3;FLE;7;7;WHL;FRE;LSC;0;;UKN;20
2019;DEU625318;19016207;19016207;1865346;1528554;2019-05-21;DEHDF;27.3.d.24;DEU;37G3;TUR;21.8;20;GUT;FRE;LSC;0;;UKN;20
2019;DEU625318;19010431;19010431;1855082;1523582;2019-03-10;DEHDF;27.3.d.24;DEU;37G3;FPE;4;4;WHL;FRE;LSC;0;;UKN;20
2019;DEU625318;19037828;19037828;1906877;1547080;2019-10-09;DEHDF;27.3.d.24;DEU;37G3;FPE;4;4;WHL;FRE;LSC;0;;UKN;20
2019;DEU625318;19036686;19036686;1903989;1545961;2019-09-26;DEHDF;27.3.d.24;DEU;37G3;FLE;31;31;WHL;FRE;LSC;0;;UKN;20
2019;DEU625318;19010424;19010424;1855076;1523580;2019-03-05;DEHDF;27.3.d.24;DEU;37G3;TRS;6.9;6;GUT;FRE;LSC;0;;UKN;20
2019;DEU625318;19014808;19014808;1863043;1527630;2019-04-15;DEHDF;27.3.d.24;DEU;37G3;TUR;7.63;7;GUT;FRE;LSC;0;;UKN;20
2019;DEU625318;19010435;19010435;1855084;1518254;2019-03-12;DEHDF;27.3.d.24;DEU;37G3;HER;556;556;WHL;FRE;LSC;278;2;HCN;1
2019;DEU625318;19045377;19045377;1918544;1553868;2019-12-20;DEHDF;27.3.d.24;DEU;37G3;TRS;3.45;3;GUT;FRE;LSC;0;;UKN;20
2019;DEU625318;19010440;19010440;1855087;1523584;2019-03-19;DEHDF;27.3.d.24;DEU;37G3;TRS;5.75;5;GUT;FRE;LSC;0;;UKN;20
2019;DEU625318;19016201;19016201;1865343;1528551;2019-05-17;DEHDF;27.3.d.24;DEU;37G3;TUR;23.98;22;GUT;FRE;LSC;0;;UKN;20
2019;DEU625318;19010440;19010440;1855087;1523584;2019-03-19;DEHDF;27.3.d.24;DEU;37G3;FPE;3;3;WHL;FRE;LSC;0;;UKN;20
2019;DEU625318;19033951;19033951;1897482;1543088;2019-09-12;DEHDF;27.3.d.24;DEU;37G3;FLE;27;27;WHL;FRE;LSC;0;;UKN;20
2019;DEU625318;19019654;19019654;1871664;1531241;2019-06-15;DEHDF;27.3.d.24;DEU;37G3;FLE;50;50;WHL;FRE;LSC;0;;UKN;20
2019;DEU625318;19016203;19016203;1865344;1528552;2019-05-18;DEHDF;27.3.d.24;DEU;37G3;TUR;18.53;17;GUT;FRE;LSC;0;;UKN;20
2019;DEU625318;19022689;19022689;1876929;1533624;2019-07-11;DEHDF;27.3.d.24;DEU;37G3;FLE;29;29;WHL;FRE;LSC;0;;UKN;20
2019;DEU625318;19006212;19006212;1846774;1517258;2019-03-01;DEHDF;27.3.d.24;DEU;37G3;HER;187;187;WHL;FRE;LSC;93.5;2;HCN;1
2019;DEU625318;19010450;19010450;1855094;1523587;2019-03-28;DEHDF;27.3.d.24;DEU;37G3;TRS;6.9;6;GUT;FRE;LSC;0;;UKN;20
2019;DEU625318;19024239;19024239;1879491;1534797;2019-07-22;DEHDF;27.3.d.24;DEU;37G3;ELE;14;14;WHL;FRE;LSC;0;;UKN;20
2019;DEU625318;19033957;19033957;1897486;1543090;2019-09-22;DEHDF;27.3.d.24;DEU;37G3;TUR;4.36;4;GUT;FRE;LSC;0;;UKN;20
2019;DEU625318;19014808;19014808;1863043;1527630;2019-04-15;DEHDF;27.3.d.24;DEU;37G3;COD;60.84;52;GUT;FRE;LSC;0;;UKN;20
2019;DEU625318;19025324;19025324;1881297;1535553;2019-07-29;DEHDF;27.3.d.24;DEU;37G3;FLE;18;18;WHL;FRE;LSC;0;;UKN;20
2019;DEU625318;19036692;19036692;1903992;1545963;2019-10-01;DEHDF;27.3.d.24;DEU;37G3;FLE;27;27;WHL;FRE;LSC;0;;UKN;20
2019;DEU625318;19031016;19031016;1891873;1540449;2019-09-05;DEHDF;27.3.d.24;DEU;37G3;PLE;42;42;WHL;FRE;LSC;0;;UKN;20
2019;DEU625318;19010428;19010428;1855079;1517726;2019-03-07;DEHDF;27.3.d.24;DEU;37G3;HER;326;326;WHL;FRE;LSC;163;2;HCN;1
2019;DEU625318;19037834;19037834;1906882;1547082;2019-10-11;DEHDF;27.3.d.24;DEU;37G3;COD;10.53;9;GUT;FRE;LSC;0;;UKN;20
2019;DEU625318;19010443;19010443;1855090;1523585;2019-03-22;DEHDF;27.3.d.24;DEU;37G3;TRS;6.9;6;GUT;FRE;LSC;0;;UKN;20
2019;DEU625318;19010447;19010447;1855092;1523586;2019-03-25;DEHDF;27.3.d.24;DEU;37G3;TRS;5.75;5;GUT;FRE;LSC;0;;UKN;20
2019;DEU625318;19010438;19010438;1855085;1518255;2019-03-13;DEHDF;27.3.d.24;DEU;37G3;HER;386;386;WHL;FRE;LSC;193;2;HCN;1
2019;DEU625318;19016210;19016210;1865348;1528555;2019-05-25;DEHDF;27.3.d.24;DEU;37G3;COD;7.02;6;GUT;FRE;LSC;0;;UKN;20
2019;DEU625318;19037820;19037820;1906873;1547076;2019-10-07;DEHDF;27.3.d.24;DEU;37G3;COD;7.02;6;GUT;FRE;LSC;0;;UKN;20
2019;DEU625318;19010457;19010457;1855099;1523590;2019-04-01;DEHDF;27.3.d.24;DEU;37G3;FPP;4;4;WHL;FRE;LSC;0;;UKN;20
2019;DEU625318;19036686;19036686;1903989;1545961;2019-09-26;DEHDF;27.3.d.24;DEU;37G3;TUR;6.54;6;GUT;FRE;LSC;0;;UKN;20
2019;DEU625318;19037820;19037820;1906873;1547076;2019-10-07;DEHDF;27.3.d.24;DEU;37G3;FLE;27;27;WHL;FRE;LSC;0;;UKN;20
2019;DEU625318;19016198;19016198;1865341;1528550;2019-05-09;DEHDF;27.3.d.24;DEU;37G3;TUR;23.98;22;GUT;FRE;LSC;0;;UKN;20
2019;DEU625318;19019656;19019656;1871665;1531242;2019-06-17;DEHDF;27.3.d.24;DEU;37G3;FLE;21;21;WHL;FRE;LSC;0;;UKN;20
2019;DEU625318;19031016;19031016;1891873;1540449;2019-09-05;DEHDF;27.3.d.24;DEU;37G3;TRS;10;10;WHL;FRE;LSC;0;;UKN;20
2019;DEU625318;19014808;19014808;1863043;1527630;2019-04-15;DEHDF;27.3.d.24;DEU;37G3;SAL;4;4;GUT;FRE;LSC;0;;UKN;20
2019;DEU625318;19033957;19033957;1897486;1543090;2019-09-22;DEHDF;27.3.d.24;DEU;37G3;FLE;28;28;WHL;FRE;LSC;0;;UKN;20
2019;DEU625318;19022692;19022692;1876931;1533625;2019-07-15;DEHDF;27.3.d.24;DEU;37G3;FLE;34;34;WHL;FRE;LSC;0;;UKN;20
2019;DEU625318;19045374;19045374;1918542;1553867;2019-12-18;DEHDF;27.3.d.24;DEU;37G3;TRS;2.3;2;GUT;FRE;LSC;0;;UKN;20
2019;DEU625318;19010447;19010447;1855092;1523586;2019-03-25;DEHDF;27.3.d.24;DEU;37G3;FPE;5;5;WHL;FRE;LSC;0;;UKN;20
2019;DEU625318;19016205;19016205;1865345;1528553;2019-05-20;DEHDF;27.3.d.24;DEU;37G3;COD;10.53;9;GUT;FRE;LSC;0;;UKN;20
2019;DEU625318;19016212;19016212;1865349;1528556;2019-05-27;DEHDF;27.3.d.24;DEU;37G3;COD;25.74;22;GUT;FRE;LSC;0;;UKN;20
2019;DEU625318;19024896;;;1535289;2019-07-31;DEUEC;27.3.d.24;DEU;37G3;FPI;12;12;WHL;FRE;LSC;36;;UKN;20
2019;DEU625318;19002225;;;1515353;2019-01-31;DEAHC;27.3.d.24;DEU;37G4;TRS;1.15;1;GUT;FRE;LSC;4;;UKN;20
2019;DEU625318;19002225;;;1515353;2019-01-31;DEAHC;27.3.d.24;DEU;37G4;PLN;2;2;WHL;FRE;LSC;2;;UKN;20
2019;DEU625318;19024896;;;1535289;2019-07-31;DEUEC;27.3.d.24;DEU;37G3;FPE;5;5;WHL;FRE;LSC;10;;UKN;20
2019;DEU625318;19024896;;;1535289;2019-07-31;DEUEC;27.3.d.24;DEU;37G3;ELE;42;42;WHL;FRE;LSC;445;;UKN;20
2019;DEU625318;19024896;;;1535289;2019-07-31;DEUEC;27.3.d.24;DEU;37G3;FRO;14;14;WHL;FRE;LSC;4;;UKN;20
2019;DEU625318;19002225;;;1515353;2019-01-31;DEAHC;27.3.d.24;DEU;37G4;FPP;2;2;WHL;FRE;LSC;9;;UKN;20
2019;DEU625318;19034184;19034184;1897972;1543226;2019-09-27;DEUSD;27.3.d.24;DEU;36G4;FPE;3;3;WHL;FRE;LSC;0;;UKN;20
2019;DEU625318;19025882;19025882;1882315;1535830;2019-08-08;DEUSD;27.3.d.24;DEU;36G4;ELE;4.5;4.5;WHL;FRE;LSC;0;;UKN;20
2019;DEU1800918;19017990;19017990;1868870;1530340;2019-06-26;DEFRJ;27.3.d.25;DNK;38G5;COD;20;20;WHL;FRE;BMS;0.2;7;WST;6
2019;DEU1800918;19017990;19017990;1868870;1530340;2019-06-26;DEFRJ;27.3.d.25;DNK;38G5;COD;100.3;85.72;GUT;FRE;LSC;77.15;6;HCN;1
2019;DEU1800918;19017990;19017990;1869438;1530340;2019-06-26;DEFRJ;27.3.d.25;DNK;38G5;COD;60.39;51.61;GUT;FRE;LSC;98.06;3;HCN;1
2019;DEU1800918;19017990;19017990;1868870;1530340;2019-06-26;DEFRJ;27.3.d.25;DNK;38G5;COD;29.7;25.39;GUT;FRE;LSC;48.24;3;HCN;1
2019;DEU1800918;19017990;19017990;1869438;1530340;2019-06-26;DEFRJ;27.3.d.25;DNK;38G5;COD;80;80;WHL;FRE;BMS;0.8;7;WST;6
2019;DEU1800918;19009863;19009863;1854554;1523359;2019-04-28;DEFRJ;27.3.d.25;DNK;38G5;COD;16.92;14.46;GUT;FRE;LSC;17.36;5;HCN;1
2019;DEU1800918;19009863;19009863;1854154;1523359;2019-04-28;DEFRJ;27.3.d.25;DNK;38G5;COD;78.82;67.37;GUT;FRE;LSC;107.79;4;HCN;1
2019;DEU1800918;19009863;19009863;1854554;1523359;2019-04-28;DEFRJ;27.3.d.25;DNK;38G5;COD;5;5;WHL;FRE;BMS;0.05;7;WST;6
2019;DEU4062420718;19014318;19014318;1862681;1528634;2019-06-07;PLDAR;27.3.d.25;DNK;38G5;COD;81;81;WHL;FRE;BMS;1.62;9;IND;10
2019;DEU4062420718;19011095;19011095;1856703;1527310;2019-05-09;DKNEX;27.3.d.25;POL;39G7;COD;15.98;13.66;GUT;FRE;LSC;19.12;4;HCN;1
2019;DEU4062420718;19011811;19011811;1858791;1527663;2019-05-14;PLDAR;27.3.d.25;POL;39G7;COD;104.17;89.03;GUT;FRE;LSC;115.74;6;HCN;1
2019;DEU4062420718;19014318;19014318;1862891;1528634;2019-06-07;PLDAR;27.3.d.25;DNK;38G5;COD;70.58;60.33;GUT;FRE;LSC;87.48;4;HCN;1
2019;DEU4062420718;19011095;19011095;1857231;1527310;2019-05-09;DKNEX;27.3.d.25;DNK;38G5;COD;867.36;741.33;GUT;FRE;LSC;711.68;5;HCN;1
2019;DEU4062420718;19007769;19007769;1850164;1522488;2019-04-12;PLDAR;27.3.d.25;DNK;38G5;COD;416.17;355.7;GUT;FRE;LSC;451.74;5;HCN;1
2019;DEU4062420718;19007769;19007769;1850634;1522488;2019-04-12;PLDAR;27.3.d.25;POL;39G7;COD;50;50;WHL;FRE;BMS;6;9;HCN;1
2019;DEU4062420718;19014318;19014318;1863410;1528634;2019-06-07;PLDAR;27.3.d.25;DNK;38G5;COD;273.24;233.54;GUT;FRE;LSC;189.17;6;HCN;1
2019;DEU4062420718;19011811;19011811;1858791;1527663;2019-05-14;PLDAR;27.3.d.25;POL;39G7;COD;25.6;21.88;GUT;FRE;LSC;44.86;4;HCN;1
2019;DEU4062420718;19007769;19007769;1850077;1522488;2019-04-12;PLDAR;27.3.d.25;DNK;38G5;COD;448.52;383.35;GUT;FRE;LSC;333.51;6;HCN;1
2019;DEU4062420718;19014318;19014318;1863421;1528634;2019-06-07;PLDAR;27.3.d.25;DNK;38G5;COD;280.77;239.97;GUT;FRE;LSC;194.38;6;HCN;1
2019;DEU4062420718;19007769;19007769;1849744;1522488;2019-04-12;PLDAR;27.3.d.25;DNK;38G5;FLE;50;50;WHL;FRE;LSC;18.5;2;HCN;1
2019;DEU4062420718;19014318;19014318;1863385;1528634;2019-06-07;PLDAR;27.3.d.25;DNK;38G5;COD;12.8;10.94;GUT;FRE;LSC;15.86;4;HCN;1
2019;DEU4062420718;19007769;19007769;1850634;1522488;2019-04-12;PLDAR;27.3.d.25;POL;39G7;COD;7.48;6.39;GUT;FRE;LSC;10.04;4;HCN;1
2019;DEU4062420718;19011095;19011095;1856859;1527310;2019-05-09;DKNEX;27.3.d.25;POL;39G7;COD;23.15;23.15;WHL;FRE;BMS;2.31;9;IND;10
2018;DEU135656918;17004869;;;1375829;2018-02-28;DELAK;27.3.d.24;DEU;37G3;HER;30;30;WHL;FRE;LSC;30;2;UKN;
2018;DEU135656918;17004869;;;1375829;2018-02-28;DELAK;27.3.d.24;DEU;37G3;FPI;81;81;WHL;FRE;LSC;202;;UKN;
2018;DEU2886114718;17005476;;;1381968;2018-02-28;DEUMZ;27.3.d.24;DEU;38G3;HER;95;95;WHL;FRE;LSC;95;2;UKN;
2018;DEU4474222818;17005479;;;1381971;2018-02-28;DEREQ;27.3.d.24;DEU;38G3;TRS;18.4;16;GUT;FRE;LSC;40;;UKN;
2018;DEU159198118;17042247;;;1465436;2018-11-30;DE8AN;27.3.d.24;DEU;36G4;FPP;30;30;WHL;FRE;LSC;150;;UKN;
2017;DEU65063318;17046574;17046574;1731449;1464807;2017-10-12;DESTL;27.3.d.24;DEU;37G3;FPP;32;32;WHL;FRE;LSC;0;;UKN;
2017;DEU65063318;17046574;17046574;1731449;1464807;2017-10-12;DESTL;27.3.d.24;DEU;37G3;FRO;25;25;WHL;FRE;LSC;0;;UKN;
2017;DEU65063318;17046574;17046574;1731449;1464807;2017-10-12;DESTL;27.3.d.24;DEU;37G3;FPI;4;4;WHL;FRE;LSC;0;;UKN;
2017;DEU65063318;17046574;17046574;1731449;1464807;2017-10-12;DESTL;27.3.d.24;DEU;37G3;FPE;10;10;WHL;FRE;LSC;0;;UKN;
2018;DEU3297716818;17047697;;;1466000;2018-11-30;DESTL;27.3.d.24;DEU;37G3;ELE;23;23;WHL;FRE;LSC;368;;UKN;
2017;DEU82734218;17050479;18049924;1833362;1468483;2017-12-18;DEKUH;27.3.d.24;DEU;37G2;COD;30.4;25.98;GUT;FRE;LSC;0;;UKN;
2017;DEU82734218;17050479;18049924;1833362;1468483;2017-12-18;DEKUH;27.3.d.24;DEU;37G2;FLE;11.11;11.11;WHL;FRE;LSC;0;;UKN;
2017;DEU82734218;17050479;18049924;1833362;1468483;2017-12-18;DEKUH;27.3.d.24;DEU;37G2;PLE;5.48;5.48;WHL;FRE;LSC;0;;UKN;
2017;DEU82734218;17051065;17051065;1739748;1469286;2017-12-30;DEKU3;27.3.d.24;DEU;37G2;DAB;12;12;WHL;FRE;LSC;0;;UKN;
2017;DEU82734218;17051065;17051065;1739748;1469286;2017-12-30;DEKU3;27.3.d.24;DEU;37G2;FLE;75;75;WHL;FRE;LSC;0;;UKN;
2017;DEU82734218;17051065;17051065;1739748;1469286;2017-12-30;DEKU3;27.3.d.24;DEU;37G2;COD;21.06;18;GUT;FRE;LSC;0;;UKN;
2017;DEU82734218;17051065;17051065;1739748;1469286;2017-12-30;DEKU3;27.3.d.24;DEU;37G2;TUR;4.5;4.5;WHL;FRE;LSC;0;;UKN;
2017;DEU82734218;17051065;17051065;1739748;1469286;2017-12-30;DEKU3;27.3.d.24;DEU;37G2;PLE;53;53;WHL;FRE;LSC;0;;UKN;
2017;DEU564833028806;17051595;17051595;1740911;1469801;2017-12-31;DEKAV;27.3.d.24;DEU;36G4;FRO;23;23;WHL;FRE;LSC;11.5;1;HCN;
2017;DEU564833028806;17051595;17051595;1740911;1469801;2017-12-31;DEKAV;27.3.d.24;DEU;36G4;FBR;221.89;221.89;WHL;FRE;LSC;109.37;1;HCN;
2017;DEU564833028806;17051595;17051595;1740911;1469801;2017-12-31;DEKAV;27.3.d.24;DEU;36G4;PLN;5;5;WHL;FRE;LSC;12.5;1;HCN;
2017;DEU170719008706;17052135;17052135;1742437;1470579;2017-12-31;DE8AN;27.3.d.24;DEU;37G4;HER;7;7;WHL;FRE;LSC;0;;UKN;
2017;DEU170719008706;17052135;17052135;1742437;1470579;2017-12-31;DE8AN;27.3.d.24;DEU;37G4;COD;52.65;45;GUT;FRE;LSC;0;;UKN;
2018;DEU423666021606;18000009;18000009;1736099;1467651;2018-01-02;DEHED;27.3.c.22;DEU;38G0;DAB;100;100;WHL;FRE;LSC;131;1;HCN;
2018;DEU423666021606;18000009;18000009;1736080;1467651;2018-01-02;DEHED;27.3.c.22;DEU;38G0;DAB;100;100;WHL;FRE;LSC;131;1;HCN;
2018;DEU423666021606;18000009;18000009;1736080;1467651;2018-01-02;DEHED;27.3.c.22;DEU;38G0;PLE;300;300;WHL;FRE;LSC;744;1;HCN;
2018;DEU423666021606;18000009;18000009;1736099;1467651;2018-01-02;DEHED;27.3.c.22;DEU;38G0;PLE;350;350;WHL;FRE;LSC;868;1;HCN;
2018;DEU423666021606;18000009;18000009;1736080;1467651;2018-01-02;DEHED;27.3.c.22;DEU;38G0;FLE;50;50;WHL;FRE;LSC;65;1;HCN;
2018;DEU423666021606;18000009;18000009;1736080;1467651;2018-01-02;DEHED;27.3.c.22;DEU;38G0;PLE;8;8;BMS;FRE;BMS;0;1;ANF;
2018;DEU423666021606;18000009;18000009;1736099;1467651;2018-01-02;DEHED;27.3.c.22;DEU;38G0;FLE;50;50;WHL;FRE;LSC;65;1;HCN;
2018;DEU423666021606;18000009;18000009;1736080;1467651;2018-01-02;DEHED;27.3.c.22;DEU;38G0;COD;29.25;25;GUT;FRE;LSC;99.25;4;HCN;
2018;DEU258953013206;18000010;18000010;1736222;1467917;2018-01-03;DEHHF;27.3.c.22;DEU;38G0;COD;52.65;45;GUT;FRE;LSC;118.41;5;HCN;
2018;DEU258953013206;18000010;18000010;1736222;1467917;2018-01-03;DEHHF;27.3.c.22;DEU;38G0;COD;132.21;113;GUT;FRE;LSC;565;3;HCN;
2018;DEU258953013206;18000010;18000010;1736222;1467917;2018-01-03;DEHHF;27.3.c.22;DEU;38G0;DAB;454;454;WHL;FRE;LSC;644.68;1;HCN;
2018;DEU258953013206;18000010;18000010;1736222;1467917;2018-01-03;DEHHF;27.3.c.22;DEU;38G0;PLE;1700;1700;WHL;FRE;LSC;4471;1;HCN;
2018;DEU258953013206;18000010;18000010;1736222;1467917;2018-01-03;DEHHF;27.3.c.22;DEU;38G0;PLE;21;21;BMS;FRE;BMS;2.1;1;HCN;
2018;DEU311899075906;18019982;18019982;1778036;1490202;2018-06-22;DEHHF;27.3.d.24;DEU;38G3;TUR;30.03;27.55;GUT;FRE;LSC;184.99;5;HCN;
2018;DEU311899075906;18019982;18019982;1777493;1490202;2018-06-22;DEHHF;27.3.d.24;DEU;38G2;PLE;198.78;198.78;WHL;FRE;LSC;489.01;3;HCN;
2018;DNK693351;18020007;18020007;1777495;1486906;2018-06-20;DEKAP;27.3.c.22;DEU;38G0;PLE;250;250;WHL;FRE;LSC;562.5;1;HCN;
2018;DNK693351;18020007;18020007;1777495;1486906;2018-06-20;DEKAP;27.3.c.22;DEU;38G0;FLE;75;75;WHL;FRE;LSC;62.25;1;HCN;
2018;DNK693351;18020007;18020007;1777495;1486906;2018-06-20;DEKAP;27.3.c.22;DEU;38G0;PLE;10;10;BMS;FRE;BMS;1;1;IND;
2018;DNK693351;18020007;18020007;1777495;1486906;2018-06-20;DEKAP;27.3.c.22;DEU;38G0;DAB;220;220;WHL;FRE;LSC;250.8;1;HCN;
2018;DNK693351;18020007;18020007;1777495;1486906;2018-06-20;DEKAP;27.3.c.22;DEU;38G0;COD;204.75;175;GUT;FRE;LSC;577.5;3;HCN;
2018;DEU177112000903;18020010;18020010;1778600;1486932;2018-06-20;DEMAO;27.3.c.22;DEU;38G0;FLE;85;85;WHL;FRE;LSC;78.2;1;HCN;
2018;DEU177112000903;18020010;18020010;1778600;1486932;2018-06-20;DEMAO;27.3.c.22;DEU;38G0;COD;702;600;GUT;FRE;LSC;1866;3;HCN;
2018;DEU177112000903;18020010;18020010;1778600;1486932;2018-06-20;DEMAO;27.3.c.22;DEU;38G0;DAB;350;350;WHL;FRE;LSC;374.5;1;HCN;
2018;DEU177112000903;18020010;18020010;1778600;1486932;2018-06-20;DEMAO;27.3.c.22;DEU;38G0;PLE;400;400;WHL;FRE;LSC;904;1;HCN;
2018;DEU1591838118;18020011;18020011;1777291;1487800;2018-06-21;DESAS;27.3.d.25;DNK;38G5;COD;296.52;253.44;GUT;FRE;LSC;433.38;4;HCN;
2018;DEU1591838118;18020011;18020011;1777328;1487800;2018-06-21;DESAS;27.3.d.25;DNK;38G5;COD;467.25;399.36;GUT;FRE;LSC;682.91;4;HCN;
2018;DEU1591838118;18020011;18020011;1777291;1487800;2018-06-21;DESAS;27.3.d.25;DNK;38G5;COD;1374.52;1174.8;GUT;FRE;LSC;1268.78;5;HCN;
2018;DEU1591838118;18020011;18020011;1777328;1487800;2018-06-21;DESAS;27.3.d.25;DNK;38G5;COD;2165.9;1851.2;GUT;FRE;LSC;1999.3;5;HCN;
2018;DEU1591838118;18020011;18020011;1777950;1487800;2018-06-21;DESAS;27.3.d.25;DNK;38G5;COD;359.42;307.2;GUT;FRE;LSC;525.31;4;HCN;
2018;DEU1591838118;18020011;18020011;1777328;1487800;2018-06-21;DESAS;27.3.d.25;DNK;38G5;COD;75;75;BMS;FRE;BMS;6;9;HCN;
2018;DEU1591838118;18020011;18020011;1777950;1487800;2018-06-21;DESAS;27.3.d.25;DNK;38G5;COD;1666.08;1424;GUT;FRE;LSC;1537.92;5;HCN;
2018;DEU1591838118;18020011;18020011;1777291;1487800;2018-06-21;DESAS;27.3.d.25;DNK;38G5;COD;50;50;BMS;FRE;BMS;4;9;HCN;
2018;DEU1591838118;18020011;18020011;1777950;1487800;2018-06-21;DESAS;27.3.d.25;DNK;38G5;COD;50;50;BMS;FRE;BMS;4;9;HCN;
2018;DEU394249020106;18020012;18020012;1777515;1487843;2018-06-21;DESAS;27.3.d.25;DNK;38G5;COD;1446.55;1236.36;GUT;FRE;LSC;1335.27;5;HCN;
2018;DEU394249020106;18020012;18020012;1777548;1487843;2018-06-21;DESAS;27.3.d.25;DNK;38G5;COD;1276.36;1090.91;GUT;FRE;LSC;1178.18;5;HCN;
2018;DEU394249020106;18020012;18020012;1777515;1487843;2018-06-21;DESAS;27.3.d.25;DNK;38G5;COD;262.19;224.09;GUT;FRE;LSC;380.95;4;HCN;
2018;DEU394249020106;18020012;18020012;1777548;1487843;2018-06-21;DESAS;27.3.d.25;DNK;38G5;COD;25;25;BMS;FRE;BMS;2.25;9;HCN;
2018;DEU394249020106;18020012;18020012;1778030;1487843;2018-06-21;DESAS;27.3.d.25;DNK;38G5;COD;1021.09;872.73;GUT;FRE;LSC;942.55;5;HCN;
2018;DEU394249020106;18020012;18020012;1777548;1487843;2018-06-21;DESAS;27.3.d.25;DNK;38G5;COD;231.34;197.73;GUT;FRE;LSC;336.14;4;HCN;
2018;DEU394249020106;18020012;18020012;1777515;1487843;2018-06-21;DESAS;27.3.d.25;DNK;38G5;COD;50;50;BMS;FRE;BMS;4.5;9;HCN;
2018;DEU394249020106;18020012;18020012;1778030;1487843;2018-06-21;DESAS;27.3.d.25;DNK;38G5;COD;185.07;158.18;GUT;FRE;LSC;268.91;4;HCN;
2018;DEU500129055506;18020024;18020024;1777292;1486993;2018-06-20;DE64Z;27.3.c.22;DEU;37G1;COD;84.3;72.05;GUT;FRE;LSC;0;;UKN;
2020;DEU625318;20009043;20009043;1936565;1561054;2020-03-27;DEHDF;27.3.d.24;DEU;37G3;TRS;5.75;5;GUT;FRE;LSC;0;;UKN;20
2020;DEU625318;20039278;20039278;1994873;1585494;2020-11-30;DEHDF;27.3.d.24;DEU;37G3;TUR;15.26;14;GUT;FRE;LSC;0;;UKN;20
2020;DEU625318;20014134;20014134;1946377;1565091;2020-05-21;DEHDF;27.3.d.24;DEU;37G3;COD;4.68;4;GUT;FRE;LSC;0;;UKN;20
2020;DEU625318;20016271;20016271;1951168;1566731;2020-05-24;DEHDF;27.3.d.24;DEU;37G3;COD;4.68;4;GUT;FRE;LSC;0;;UKN;20
2020;DEU625318;20002727;20002727;1923671;1556023;2020-02-08;DEHDF;27.3.d.24;DEU;37G3;TRS;6.9;6;GUT;FRE;LSC;0;;UKN;20
2020;DEU625318;20009046;20009046;1936567;1561055;2020-04-01;DEHDF;27.3.d.24;DEU;37G3;TRS;6.9;6;GUT;FRE;LSC;0;;UKN;20
2020;DEU625318;20025611;20025611;1967309;1573708;2020-09-05;DEHDF;27.3.d.24;DEU;37G3;FLE;40;40;WHL;FRE;LSC;0;;UKN;20
2020;DEU625318;20009037;20009037;1936562;1561051;2020-03-20;DEHDF;27.3.d.24;DEU;37G3;FPE;3;3;WHL;FRE;LSC;0;;UKN;20
2020;DEU625318;20006193;20006193;1931005;1559238;2020-03-04;DEHDF;27.3.d.24;DEU;37G3;FPE;3;3;WHL;FRE;LSC;0;;UKN;20
2020;DEU625318;20039282;20039282;1994876;1585496;2020-12-04;DEHDF;27.3.d.24;DEU;37G3;HER;55;55;WHL;FRE;LSC;0;;UKN;20
2020;DEU625318;20006186;20006186;1931000;1559236;2020-02-26;DEHDF;27.3.d.24;DEU;37G3;TRS;5.75;5;GUT;FRE;LSC;0;;UKN;20
2020;DEU625318;20033967;20033967;1983661;1580879;2020-10-21;DEHDF;27.3.d.24;DEU;37G3;FPE;2;2;WHL;FRE;LSC;0;;UKN;20
2020;DEU625318;20003392;20003392;1924519;1556515;2020-02-20;DEHDF;27.3.d.24;DEU;37G3;TRS;6.9;6;GUT;FRE;LSC;0;;UKN;20
2020;DEU625318;20009032;20009032;1936559;1561049;2020-03-15;DEHDF;27.3.d.24;DEU;37G3;TRS;17.25;15;GUT;FRE;LSC;0;;UKN;20
2020;DEU625318;20025608;20025608;1967307;1573707;2020-09-02;DEHDF;27.3.d.24;DEU;37G3;FLE;25;25;WHL;FRE;LSC;0;;UKN;20
2020;DEU625318;20027352;20027352;1971026;1575422;2020-09-11;DEHDF;27.3.d.24;DEU;37G3;TUR;2.18;2;GUT;FRE;LSC;0;;UKN;20
2020;DEU625318;20016276;20016276;1951172;1566732;2020-05-27;DEHDF;27.3.d.24;DEU;37G3;TUR;11.99;11;GUT;FRE;LSC;0;;UKN;20
2020;DEU625318;20009040;20009040;1936564;1561053;2020-03-26;DEHDF;27.3.d.24;DEU;37G3;TRS;9.2;8;GUT;FRE;LSC;0;;UKN;20
2020;DEU625318;20033967;20033967;1983661;1580879;2020-10-21;DEHDF;27.3.d.24;DEU;37G3;COD;4.68;4;GUT;FRE;LSC;0;;UKN;20
2020;DEU625318;20041426;20041426;1997838;1587432;2020-12-16;DEHDF;27.3.d.24;DEU;37G3;COD;4.68;4;GUT;FRE;LSC;0;;UKN;20
2020;DEU625318;20039273;20039273;1994871;1585493;2020-11-27;DEHDF;27.3.d.24;DEU;37G3;HER;60;60;WHL;FRE;LSC;0;;UKN;20
2020;DEU625318;20012233;20012233;1942025;1563564;2020-04-29;DEHDF;27.3.d.24;DEU;37G3;COD;4.68;4;GUT;FRE;LSC;0;;UKN;20
2020;DEU625318;20009046;20009046;1936567;1561055;2020-04-01;DEHDF;27.3.d.24;DEU;37G3;FPE;6;6;WHL;FRE;LSC;0;;UKN;20
2020;DEU625318;20032036;20032036;1980386;1579558;2020-10-08;DEHDF;27.3.d.24;DEU;37G3;FLE;10;10;WHL;FRE;LSC;0;;UKN;20
2020;DEU625318;20041426;20041426;1997838;1587432;2020-12-16;DEHDF;27.3.d.24;DEU;37G3;FPE;2;2;WHL;FRE;LSC;0;;UKN;20
2020;DEU625318;20025608;20025608;1967307;1573707;2020-09-02;DEHDF;27.3.d.24;DEU;37G3;TUR;3.27;3;GUT;FRE;LSC;0;;UKN;20
2020;DEU625318;20009034;20009034;1936560;1561050;2020-03-16;DEHDF;27.3.d.24;DEU;37G3;TRS;4.6;4;GUT;FRE;LSC;0;;UKN;20
2020;DEU625318;20009046;20009046;1936567;1561055;2020-04-01;DEHDF;27.3.d.24;DEU;37G3;COD;8.19;7;GUT;FRE;LSC;0;;UKN;20
2020;DEU625318;20028519;20028519;1973125;1576325;2020-09-18;DEHDF;27.3.d.24;DEU;37G3;TUR;3.27;3;GUT;FRE;LSC;0;;UKN;20
2020;DEU625318;20032030;20032030;1980382;1579556;2020-09-25;DEHDF;27.3.d.24;DEU;37G3;FLE;30;30;WHL;FRE;LSC;0;;UKN;20
2020;DEU625318;20009034;20009034;1936560;1557819;2020-03-16;DEHDF;27.3.d.24;DEU;37G3;FRO;16;16;WHL;FRE;LSC;6.4;1;HCN;1
2020;DEU625318;20014128;20014128;1946373;1565089;2020-05-08;DEHDF;27.3.d.24;DEU;37G3;TUR;10.9;10;GUT;FRE;LSC;0;;UKN;20
2020;DEU625318;20006186;20006186;1931000;1559236;2020-02-26;DEHDF;27.3.d.24;DEU;37G3;FPE;4;4;WHL;FRE;LSC;0;;UKN;20
2020;DEU625318;20002982;20002982;1924163;1556240;2020-02-14;DEHDF;27.3.d.24;DEU;37G3;TRS;5.75;5;GUT;FRE;LSC;0;;UKN;20
2020;DEU625318;20028519;20028519;1973125;1576325;2020-09-18;DEHDF;27.3.d.24;DEU;37G3;FLE;40;40;WHL;FRE;LSC;0;;UKN;20
2020;DEU625318;20014128;20014128;1946373;1565089;2020-05-08;DEHDF;27.3.d.24;DEU;37G3;COD;5.85;5;GUT;FRE;LSC;0;;UKN;20
2020;DEU625318;20016271;20016271;1951168;1566731;2020-05-24;DEHDF;27.3.d.24;DEU;37G3;TUR;16.35;15;GUT;FRE;LSC;0;;UKN;20
2020;DEU625318;20039278;20039278;1994873;1585494;2020-11-30;DEHDF;27.3.d.24;DEU;37G3;COD;189.54;162;GUT;FRE;LSC;0;;UKN;20
2020;DEU625318;20032027;20032027;1980380;1579555;2020-09-21;DEHDF;27.3.d.24;DEU;37G3;FLE;25;25;WHL;FRE;LSC;0;;UKN;20
2020;DEU625318;20027352;20027352;1971026;1575422;2020-09-11;DEHDF;27.3.d.24;DEU;37G3;FLE;50;50;WHL;FRE;LSC;0;;UKN;20
2020;DEU625318;20016279;20016279;1951175;1566735;2020-05-30;DEHDF;27.3.d.24;DEU;37G3;TUR;19.62;18;GUT;FRE;LSC;0;;UKN;20
2020;DEU625318;20009040;20009040;1936564;1561053;2020-03-26;DEHDF;27.3.d.24;DEU;37G3;COD;8.19;7;GUT;FRE;LSC;0;;UKN;20
2020;DEU625318;20014131;20014131;1946375;1565090;2020-05-18;DEHDF;27.3.d.24;DEU;37G3;TUR;15.26;14;GUT;FRE;LSC;0;;UKN;20
2020;DEU625318;20009037;20009037;1936562;1561051;2020-03-20;DEHDF;27.3.d.24;DEU;37G3;TRS;6.9;6;GUT;FRE;LSC;0;;UKN;20
2020;DEU625318;20006189;20006189;1931002;1556552;2020-02-27;DEHDF;27.3.d.24;DEU;37G3;HER;140;140;WHL;FRE;LSC;70;2;HCN;1
2020;DEU625318;20014134;20014134;1946377;1565091;2020-05-21;DEHDF;27.3.d.24;DEU;37G3;TUR;9.81;9;GUT;FRE;LSC;0;;UKN;20
2020;DEU625318;20009083;20009083;1936601;1561058;2020-03-27;DEUSD;27.3.d.24;DEU;36G4;FPP;2;2;WHL;FRE;LSC;0;;UKN;20
2020;DEU625318;20025521;20025521;1967094;1573649;2020-09-04;DEUSD;27.3.d.24;DEU;36G4;FPI;4;4;WHL;FRE;LSC;0;;UKN;20
2020;DEU625318;20028109;20028109;1972323;1576044;2020-09-18;DEUSD;27.3.d.24;DEU;36G4;ELE;2;2;WHL;FRE;LSC;0;;UKN;20
2020;DEU625318;20027262;20027262;1970764;1575299;2020-09-10;DEUSD;27.3.d.24;DEU;36G4;ELE;2;2;WHL;FRE;LSC;0;;UKN;20
2020;DEU625318;20002169;20002169;1922958;1555542;2020-01-31;DEUSD;27.3.d.24;DEU;36G4;FPI;5;5;WHL;FRE;LSC;0;;UKN;20
2020;DEU625318;20028109;20028109;1972323;1576044;2020-09-18;DEUSD;27.3.d.24;DEU;36G4;FPE;2;2;WHL;FRE;LSC;0;;UKN;20
2020;DEU625318;20011018;20011018;1940121;1562691;2020-04-17;DEUSD;27.3.d.24;DEU;36G4;FPP;10;10;WHL;FRE;LSC;0;;UKN;20
2020;DEU625318;20031907;20031907;1980122;1579393;2020-09-30;DEUSD;27.3.d.24;DEU;36G4;FPP;3;3;WHL;FRE;LSC;0;;UKN;20
2020;DEU2002910215;20005020;20005020;1928050;1562062;2020-03-20;DKNEX;27.3.d.25;DNK;38G5;SPR;19648.42;19648.42;WHL;FRE;LSC;4479.25;;IND;10
2020;DEU2002910215;20008870;20008870;1936338;1562627;2020-04-21;DKNEX;27.3.d.25;DNK;39G5;SPR;24447;24447;WHL;FRE;LSC;5179.78;;IND;10
2020;DEU2002910215;20006936;20006936;1933040;1561284;2020-04-08;DKNEX;27.3.d.25;DNK;38G5;SPR;23607.4;23607.4;WHL;FRE;LSC;5001.89;;IND;10
2020;DEU2002910215;20009276;20009276;1937566;1562628;2020-04-23;DKNEX;27.3.d.25;DNK;38G5;SPR;20619.08;20619.08;WHL;FRE;LSC;4368.73;;IND;10
2020;DEU2002910215;20009276;20009276;1937192;1562628;2020-04-23;DKNEX;27.3.d.25;DNK;38G5;SPR;28116.92;28116.92;WHL;FRE;LSC;5957.36;;IND;10
2020;DEU2002910215;20006016;20006016;1930868;1564558;2020-04-01;DENMK;27.3.d.25;DNK;38G5;HER;50;50;WHL;FRE;LSC;0;;UKN;20
2020;DEU2002910215;20009803;20009803;1938135;1562631;2020-04-26;DKNEX;27.3.d.25;DNK;38G5;SPR;20096.52;20096.52;WHL;FRE;LSC;4258.01;;IND;10
2020;DEU4062420718;20007530;20007530;1933605;1561282;2020-04-10;DKNEX;27.3.d.25;DNK;38G5;SPR;22161.33;22161.33;WHL;FRE;LSC;4695.5;;IND;10
2020;DEU4062420718;20005931;20005931;1930656;1562061;2020-03-29;DKNEX;27.3.d.25;DNK;39G5;SPR;7745;7745;WHL;FRE;LSC;1641;;IND;10
2020;DEU4062420718;20009109;20009109;1937611;1562625;2020-04-24;DKNEX;27.3.d.25;DNK;38G5;SPR;36920.01;36920.01;WHL;FRE;LSC;7822.54;;IND;10
2020;DEU4062420718;20009782;20009782;1938057;1562626;2020-04-25;DKNEX;27.3.d.25;DNK;38G5;HER;300;300;WHL;FRE;LSC;63.56;;IND;10
2020;DEU4062420718;20005602;20005602;1929952;1562060;2020-03-27;DKNEX;27.3.d.25;DNK;38G5;HER;112.5;112.5;WHL;FRE;LSC;23.84;;IND;10
2020;DEU4062420718;20007530;20007530;1933411;1561282;2020-04-10;DKNEX;27.3.d.25;DNK;38G5;SPR;12591.67;12591.67;WHL;FRE;LSC;2667.9;;IND;10
2020;DEU4062420718;20009109;20009109;1937611;1562625;2020-04-24;DKNEX;27.3.d.25;DNK;38G5;HER;535;535;WHL;FRE;LSC;113.35;;IND;10
2020;DEU4062420718;20008563;20008563;1935937;1562073;2020-04-20;DKNEX;27.3.d.25;DNK;38G5;SPR;23906.29;23906.29;WHL;FRE;LSC;5065.22;;IND;10
2020;DEU4062420718;20009782;20009782;1938057;1562626;2020-04-25;DKNEX;27.3.d.25;DNK;38G5;SPR;20593;20593;WHL;FRE;LSC;4363.2;;IND;10
2020;DEU4062420718;20008563;20008563;1936072;1562073;2020-04-20;DKNEX;27.3.d.25;DNK;38G5;HER;200;200;WHL;FRE;LSC;42.38;;IND;10
2020;DEU4062420718;20006014;20006014;1930879;1564559;2020-04-01;DENMK;27.3.d.25;DNK;38G5;HER;50;50;WHL;FRE;LSC;0;;UKN;20
2020;DEU4062420718;20005602;20005602;1929474;1562060;2020-03-27;DKNEX;27.3.d.25;DNK;38G5;HER;112.5;112.5;WHL;FRE;LSC;23.84;;IND;10
2020;DEU4062420718;20007530;20007530;1933605;1561282;2020-04-10;DKNEX;27.3.d.25;DNK;38G5;HER;300;300;WHL;FRE;LSC;63.56;;IND;10
2020;DEU4062420718;20005168;20005168;1928691;1562059;2020-03-24;DKNEX;27.3.d.25;DEU;38G5;SPR;12362.25;12362.25;WHL;FRE;LSC;2818.22;;IND;10
2020;DEU4062420718;20006935;20006935;1932197;1561279;2020-04-06;DKNEX;27.3.d.25;DNK;38G5;HER;400;400;WHL;FRE;LSC;84.75;;IND;10
2020;DEU4062420718;20006014;20006014;1931082;1559780;2020-04-01;DENMK;27.3.d.25;DNK;38G5;SPR;11083.75;11083.75;WHL;FRE;LSC;2438.43;4;HCN;1
2020;DEU4062420718;20006014;20006014;1930879;1559780;2020-04-01;DENMK;27.3.d.25;DNK;38G5;SPR;8212.05;8212.05;WHL;FRE;LSC;1806.65;4;HCN;1
2020;DEU4062420718;20007133;20007133;1932564;1561281;2020-04-08;DKNEX;27.3.d.25;DNK;38G5;SPR;27225;27225;WHL;FRE;LSC;5768.38;;IND;10
2020;DEU4062420718;20005168;20005168;1928909;1562059;2020-03-24;DKNEX;27.3.d.25;DNK;38G5;SPR;20603.75;20603.75;WHL;FRE;LSC;4697.04;;IND;10
2020;DEU4062420718;20007133;20007133;1932564;1561281;2020-04-08;DKNEX;27.3.d.25;DNK;38G5;HER;500;500;WHL;FRE;LSC;105.94;;IND;10
2020;DEU4062420718;20006622;20006622;1931803;1561283;2020-04-06;DKNEX;27.3.d.25;DNK;38G5;SPR;18368;18368;WHL;FRE;LSC;3891.78;;IND;10
2020;DEU4062420718;20008871;20008871;1936270;1562624;2020-04-20;DKNEX;27.3.d.25;DNK;39G5;SPR;24726;24726;WHL;FRE;LSC;5238.9;;IND;10
2020;DEU4062420718;20006014;20006014;1930875;1559780;2020-04-01;DENMK;27.3.d.25;DNK;38G5;SPR;7305.2;7305.2;WHL;FRE;LSC;1607.14;4;HCN;1
2020;DEU4062420718;20008563;20008563;1936072;1562073;2020-04-20;DKNEX;27.3.d.25;DNK;38G5;SPR;7470.71;7470.71;WHL;FRE;LSC;1582.88;;IND;10
2020;DEU4062420718;20005602;20005602;1929474;1562060;2020-03-27;DKNEX;27.3.d.25;DNK;38G5;SPR;29008.97;29008.97;WHL;FRE;LSC;6146.36;;IND;10
2020;DEU4062420718;20006935;20006935;1932197;1561279;2020-04-06;DKNEX;27.3.d.25;DNK;38G5;SPR;31773;31773;WHL;FRE;LSC;6732;;IND;10
2020;DEU4062420718;20009109;20009109;1937036;1562625;2020-04-24;DKNEX;27.3.d.25;DNK;38G5;SPR;30932.99;30932.99;WHL;FRE;LSC;6554.02;;IND;10
2020;DEU4062420718;20005602;20005602;1929952;1562060;2020-03-27;DKNEX;27.3.d.25;DNK;38G5;SPR;30822.03;30822.03;WHL;FRE;LSC;6530.51;;IND;10
2020;DEU4062420718;20005168;20005168;1928909;1562059;2020-03-24;DKNEX;27.3.d.25;DNK;38G5;HER;300;300;WHL;FRE;LSC;68.39;;IND;10
2020;DEU4062420718;20006622;20006622;1931803;1561283;2020-04-06;DKNEX;27.3.d.25;DNK;38G5;HER;300;300;WHL;FRE;LSC;63.56;;IND;10
2020;DEU1591838118;20026663;20026663;1969578;1575323;2020-09-22;PLKOL;27.3.d.25;DNK;38G5;FLE;1050;1050;WHL;FRE;LSC;525;1;HCN;1
2020;DEU1591838118;20004715;20004613;1927040;1558322;2020-03-17;DESAS;27.3.d.25;DNK;39G5;COD;8.18;8.18;WHL;FRE;LSC;16.36;5;HCN;1
2020;DEU1591838118;20026663;20026663;1969578;1575323;2020-09-22;PLKOL;27.3.d.25;DNK;38G5;TUR;46.87;43;GUT;FRE;LSC;301;1;HCN;1
2020;DEU1591838118;20004715;20004613;1927040;1558322;2020-03-17;DESAS;27.3.d.25;DNK;39G5;COD;5.45;5.45;WHL;FRE;LSC;13.64;4;HCN;1
2020;DEU1591838118;20026663;20026663;1969578;1575323;2020-09-22;PLKOL;27.3.d.25;DNK;38G5;PLE;275;275;WHL;FRE;LSC;275;1;HCN;1
2020;DEU1591838118;20026663;20026663;1969578;1575323;2020-09-22;PLKOL;27.3.d.25;DNK;38G5;COD;2164.5;1850;GUT;FRE;LSC;3700;5;HCN;1
2020;DEU1591838118;20004715;20004715;1927282;1558322;2020-03-17;DESAS;27.3.d.25;DNK;38G5;COD;4.55;4.55;WHL;FRE;LSC;11.36;4;HCN;1
2020;DEU1591838118;20004715;20004613;1927040;1558322;2020-03-17;DESAS;27.3.d.25;DNK;39G5;FLE;1275;1275;WHL;FRE;LSC;12.75;3;HCN;1
2020;DEU1591838118;20004715;20004715;1927282;1558322;2020-03-17;DESAS;27.3.d.25;DNK;38G5;COD;6.82;6.82;WHL;FRE;LSC;13.64;5;HCN;1
2020;DEU1591838118;20026663;20026663;1969578;1575323;2020-09-22;PLKOL;27.3.d.25;DNK;38G5;COD;1345.5;1150;GUT;FRE;LSC;2875;4;HCN;1
2020;DEU1531267809;20036996;20036996;1993265;1585483;2020-12-14;DKGRE;27.3.d.25;SWE;40G6;SPR;29725.67;29725.67;WHL;FRE;LSC;7374.49;;HCN;1
2020;DEU394249020106;20026575;20026575;1969293;1578966;2020-09-20;PLKOL;27.3.d.25;DNK;38G5;FLE;255.26;255.26;WHL;FRE;LSC;114.87;1;HCN;1
2020;DEU394249020106;20026575;20026575;1969293;1578966;2020-09-20;PLKOL;27.3.d.25;DNK;38G5;COD;655.2;560;GUT;FRE;LSC;1495.2;4;HCN;1
2020;DEU394249020106;20026575;20026575;1969293;1578966;2020-09-20;PLKOL;27.3.d.25;DNK;38G5;COD;2310.75;1975;GUT;FRE;LSC;5273.25;5;HCN;1
2020;DEU394249020106;20026575;20026575;1969396;1578966;2020-09-20;PLKOL;27.3.d.25;POL;37G5;COD;25;25;WHL;FRE;BMS;1.75;9;IND;10
2020;DEU394249020106;20026575;20026575;1969396;1578966;2020-09-20;PLKOL;27.3.d.25;POL;37G5;FLE;229.74;229.74;WHL;FRE;LSC;103.38;1;HCN;1
2020;DEU394249020106;20026575;20026575;1969293;1578966;2020-09-20;PLKOL;27.3.d.25;DNK;38G5;PLE;80;80;WHL;FRE;LSC;84;1;HCN;1
2020;DEU394249020106;20026575;20026575;1969396;1578966;2020-09-20;PLKOL;27.3.d.25;POL;37G5;PLE;20;20;WHL;FRE;LSC;21;1;HCN;1
2020;DEU423659021606;20003638;20003638;1925903;1557851;2020-03-08;DEHHF;27.3.d.25;DNK;38G5;COD;23.1;19.74;GUT;FRE;LSC;41.46;5;HCN;1
2020;DEU423659021606;20003638;20003638;1926243;1557851;2020-03-08;DEHHF;27.3.d.25;DNK;39G5;FLE;764.01;764.01;WHL;FRE;LSC;297.97;1;HCN;1
2020;DEU423659021606;20003638;20003638;1925852;1557851;2020-03-08;DEHHF;27.3.d.25;DNK;38G5;COD;7.84;6.7;GUT;FRE;LSC;15.08;4;HCN;1
2020;DEU423659021606;20003638;20003638;1925902;1557851;2020-03-08;DEHHF;27.3.d.25;DNK;38G5;COD;23.1;19.74;GUT;FRE;LSC;41.46;5;HCN;1
2020;DEU423659021606;20003638;20003638;1925760;1557851;2020-03-08;DEHHF;27.3.d.25;DNK;38G5;COD;50.81;43.43;GUT;FRE;LSC;91.2;5;HCN;1
2020;DEU423659021606;20003638;20003638;1925902;1557851;2020-03-08;DEHHF;27.3.d.25;DNK;38G5;COD;0.82;0.7;GUT;FRE;LSC;1.23;3;HCN;1
2020;DEU423659021606;20003638;20003638;1925837;1557851;2020-03-08;DEHHF;27.3.d.25;DNK;38G5;COD;5.32;4.55;GUT;FRE;LSC;10.24;4;HCN;1
2020;DEU423659021606;20003638;20003638;1925903;1557851;2020-03-08;DEHHF;27.3.d.25;DNK;38G5;COD;2.42;2.07;GUT;FRE;LSC;4.65;4;HCN;1
2020;DEU423659021606;20003638;20003638;1926243;1557851;2020-03-08;DEHHF;27.3.d.25;DNK;39G5;COD;121.95;104.23;GUT;FRE;LSC;218.88;5;HCN;1
2020;DEU423659021606;20003638;20003638;1925845;1557851;2020-03-08;DEHHF;27.3.d.25;DNK;38G5;COD;5.32;4.55;GUT;FRE;LSC;10.24;4;HCN;1
2020;DEU423659021606;20003638;20003638;1925773;1557851;2020-03-08;DEHHF;27.3.d.25;DNK;38G5;COD;2.42;2.07;GUT;FRE;LSC;4.65;4;HCN;1
